2017-04-18 13:50:48.015334,0.0043120563633985125
2017-04-18 13:50:48.118106,0.00462238217242914
2017-04-18 13:50:48.222885,0.0010228461087705431
2017-04-18 13:50:48.324154,0.00032181300598797856
2017-04-18 13:50:48.430938,-0.005607214065098595
2017-04-18 13:50:48.532709,-0.021852644492214194
2017-04-18 13:50:48.633977,-0.01939645760701684
2017-04-18 13:50:48.736250,-0.005333157863839769
2017-04-18 13:50:48.837519,0.013807409791438706
2017-04-18 13:50:48.939290,-0.007152318567365307
2017-04-18 13:50:49.041061,-0.0027910931373170368
2017-04-18 13:50:49.142832,0.009333069927940254
2017-04-18 13:50:49.256132,-0.018272418702309928
2017-04-18 13:50:49.357903,-0.006681243432951563
2017-04-18 13:50:49.459673,-0.005002293911091961
2017-04-18 13:50:49.561444,0.0020391255193317453
2017-04-18 13:50:49.663214,-0.00135971317177748
2017-04-18 13:50:49.765487,0.0042385626284855765
2017-04-18 13:50:49.867257,-0.00949666815796206
2017-04-18 13:50:49.969529,0.0046924243562090585
2017-04-18 13:50:50.071801,-0.012690565454357565
2017-04-18 13:50:50.177082,-0.013218374161082338
2017-04-18 13:50:50.282862,0.002340765308284677
2017-04-18 13:50:50.384633,0.015761464776775338
2017-04-18 13:50:50.486905,-0.01760874913555143
2017-04-18 13:50:50.588676,-0.009927256762816784
2017-04-18 13:50:50.690446,-0.013106669208726471
2017-04-18 13:50:50.792216,-0.00924981656144902
2017-04-18 13:50:50.893987,-0.01685126603188222
2017-04-18 13:50:50.996260,0.0007405917736090584
2017-04-18 13:50:51.097529,-0.00895337749149944
2017-04-18 13:50:51.199801,0.0008683369979958153
2017-04-18 13:50:51.301571,0.0015081900641589034
2017-04-18 13:50:51.402841,-0.005877855575057443
2017-04-18 13:50:51.508621,0.0015178024743323542
2017-04-18 13:50:51.610893,-0.006012933697485191
2017-04-18 13:50:51.714671,-0.0006555362494169914
2017-04-18 13:50:51.819449,0.010886711187686221
2017-04-18 13:50:51.921218,-0.002756090346028653
2017-04-18 13:50:52.024493,0.0010886918690044575
2017-04-18 13:50:52.130274,0.007041904008951567
2017-04-18 13:50:52.234050,0.00033255822109720104
2017-04-18 13:50:52.350368,-0.009492010486264869
2017-04-18 13:50:52.452632,0.023570711062334593
2017-04-18 13:50:52.555906,0.01208082203190768
2017-04-18 13:50:52.658679,-0.008743217130435845
2017-04-18 13:50:52.761453,-0.005187606801890386
2017-04-18 13:50:52.864728,-0.011588577944734496
2017-04-18 13:50:52.967500,-0.009289739475454858
2017-04-18 13:50:53.070274,0.002334249922253633
2017-04-18 13:50:53.173549,0.008685842475666523
2017-04-18 13:50:53.276824,0.013023532222159849
2017-04-18 13:50:53.394637,0.01374162930678622
2017-04-18 13:50:53.497912,0.013200446850593872
2017-04-18 13:50:53.599682,0.012336568132866535
2017-04-18 13:50:53.702957,0.013177270677343754
2017-04-18 13:50:53.806231,0.00627729575266814
2017-04-18 13:50:53.909004,0.010980923605023304
2017-04-18 13:50:54.011778,0.01699031665381319
2017-04-18 13:50:54.118060,0.0225678895150622
2017-04-18 13:50:54.220332,0.025421525419827666
2017-04-18 13:50:54.323105,0.026724749947469383
2017-04-18 13:50:54.442924,0.02544216210890264
2017-04-18 13:50:54.545697,0.02542267900346101
2017-04-18 13:50:54.650476,0.02420695819780596
2017-04-18 13:50:54.753750,0.02438491045463721
2017-04-18 13:50:54.856524,0.022426748042803535
2017-04-18 13:50:54.959297,0.02368138404935996
2017-04-18 13:50:55.062071,0.026334997086931003
2017-04-18 13:50:55.164843,0.026322651942549343
2017-04-18 13:50:55.267617,0.028604060961511277
2017-04-18 13:50:55.370892,0.02606358058162303
2017-04-18 13:50:55.474668,0.02703505282535863
2017-04-18 13:50:55.577441,0.027950085130864756
2017-04-18 13:50:55.680214,0.026390644583834527
2017-04-18 13:50:55.782988,0.02287223110481014
2017-04-18 13:50:55.886262,0.019977637568899382
2017-04-18 13:50:55.989537,0.019120811319540583
2017-04-18 13:50:56.092310,0.022084342658440462
2017-04-18 13:50:56.195083,0.027429072623408667
2017-04-18 13:50:56.301868,0.026985105124181695
2017-04-18 13:50:56.405142,0.025806490635122723
2017-04-18 13:50:56.520951,0.023711910229365887
2017-04-18 13:50:56.623222,0.018889804515671994
2017-04-18 13:50:56.725995,0.016121801132468222
2017-04-18 13:50:56.828768,0.015780556774789685
2017-04-18 13:50:56.931040,0.01317288968153567
2017-04-18 13:50:57.033814,0.015976826630843124
2017-04-18 13:50:57.136587,0.021524659271342186
2017-04-18 13:50:57.239861,0.024033468686133222
2017-04-18 13:50:57.342635,0.024498988165791435
2017-04-18 13:50:57.445909,0.027361865618170403
2017-04-18 13:50:57.551690,0.028475654289263956
2017-04-18 13:50:57.653963,0.025477709811937626
2017-04-18 13:50:57.759242,0.021943334563356152
2017-04-18 13:50:57.862517,0.01948449688059816
2017-04-18 13:50:57.965290,0.021832057869907166
2017-04-18 13:50:58.068565,0.02543081263101094
2017-04-18 13:50:58.170837,0.02796666070387683
2017-04-18 13:50:58.275115,0.029109240049157662
2017-04-18 13:50:58.381397,0.027201731550775113
2017-04-18 13:50:58.484671,0.027293068797630646
2017-04-18 13:50:58.595466,0.024461572533414938
2017-04-18 13:50:58.698740,0.019747753328018917
2017-04-18 13:50:58.804021,0.02061227423875364
2017-04-18 13:50:58.907295,0.018509323911701063
2017-04-18 13:50:59.010068,0.020818145112445344
2017-04-18 13:50:59.113342,0.020516310053350556
2017-04-18 13:50:59.216618,0.02632814179327804
2017-04-18 13:50:59.321396,0.02652853567458269
2017-04-18 13:50:59.423668,0.025872258305484692
2017-04-18 13:50:59.527946,0.024399929275981412
2017-04-18 13:50:59.642249,0.018626024213564088
2017-04-18 13:50:59.745524,0.009911887151756314
2017-04-18 13:50:59.848297,0.004888709390732897
2017-04-18 13:50:59.950569,0.0030645731994274695
2017-04-18 13:51:00.054846,0.002293406555071239
2017-04-18 13:51:00.158122,0.003928910694643976
2017-04-18 13:51:00.260393,0.017425900250527177
2017-04-18 13:51:00.363668,0.02406256072708107
2017-04-18 13:51:00.466441,0.024697247496693928
2017-04-18 13:51:00.571220,0.024049967195421483
2017-04-18 13:51:00.674495,0.02284263950253828
2017-04-18 13:51:00.777770,0.02127798931025005
2017-04-18 13:51:00.882046,0.02100437842328997
2017-04-18 13:51:00.911123,0.021839733604851842
2017-04-18 13:51:01.013896,0.02087414961248534
2017-04-18 13:51:01.117171,0.02322988757067513
2017-04-18 13:51:01.219945,0.02338561469276507
2017-04-18 13:51:01.323219,0.02255685767703241
2017-04-18 13:51:01.425992,0.021239892213701345
2017-04-18 13:51:01.529769,0.019068300861358828
2017-04-18 13:51:01.644072,0.0156914256845854
2017-04-18 13:51:01.746845,0.012191226492996863
2017-04-18 13:51:01.849821,0.01067984474128299
2017-04-18 13:51:01.952594,0.012602170151280359
2017-04-18 13:51:02.055869,0.01440091200743598
2017-04-18 13:51:02.158642,0.01875539284748358
2017-04-18 13:51:02.261416,0.01826422155511162
2017-04-18 13:51:02.363186,0.011127974268809715
2017-04-18 13:51:02.465960,0.01150223685789523
2017-04-18 13:51:02.569736,0.005505742019384225
2017-04-18 13:51:02.673010,0.0004361069476158108
2017-04-18 13:51:02.776788,-0.009096561803301552
2017-04-18 13:51:02.879559,-0.015564406437892041
2017-04-18 13:51:02.982333,-0.017156967448253277
2017-04-18 13:51:03.084605,-0.013448321304672146
2017-04-18 13:51:03.187879,-0.0017913465840626707
2017-04-18 13:51:03.290653,0.0061885110441139545
2017-04-18 13:51:03.393927,0.007710575169448978
2017-04-18 13:51:03.496700,0.008664883376838803
2017-04-18 13:51:03.599975,0.009632836813895682
2017-04-18 13:51:03.707260,0.0064893642050513085
2017-04-18 13:51:03.810534,0.002579791731032952
2017-04-18 13:51:03.913810,0.0011489417449967536
2017-04-18 13:51:04.016082,0.004311835501459948
2017-04-18 13:51:04.118855,0.009990120069246084
2017-04-18 13:51:04.221628,0.011982815893799363
2017-04-18 13:51:04.324402,0.008546404097680645
2017-04-18 13:51:04.427676,0.005789621210920353
2017-04-18 13:51:04.530449,0.004968867397043155
2017-04-18 13:51:04.633222,0.0029383291444971824
2017-04-18 13:51:04.738001,0.00041826244608812713
2017-04-18 13:51:04.841277,-0.0001918488521663298
2017-04-18 13:51:04.946055,-0.002196028612184598
2017-04-18 13:51:05.052337,-0.00629325893822046
2017-04-18 13:51:05.154609,-0.0035124932573553183
2017-04-18 13:51:05.257383,0.0012065410729115364
2017-04-18 13:51:05.359654,0.005413831597363366
2017-04-18 13:51:05.462929,0.00836265771381143
2017-04-18 13:51:05.568711,0.012938822194321587
2017-04-18 13:51:05.671483,0.014650202815694619
2017-04-18 13:51:05.789798,0.012770074125067395
2017-04-18 13:51:05.893577,0.012205918202637122
2017-04-18 13:51:05.996347,0.014031772640337777
2017-04-18 13:51:06.099120,0.01390309496156468
2017-04-18 13:51:06.201894,0.010220192814039372
2017-04-18 13:51:06.305169,0.00833650279127301
2017-04-18 13:51:06.410448,0.004561521525660419
2017-04-18 13:51:06.513722,0.001866075341856056
2017-04-18 13:51:06.616496,-0.0001256513719071345
2017-04-18 13:51:06.720272,-0.0019316736690629579
2017-04-18 13:51:06.831067,-0.004368308427387908
2017-04-18 13:51:06.935344,-0.0053552790744506185
2017-04-18 13:51:07.038619,-0.0041859948063161885
2017-04-18 13:51:07.141894,0.0012542000917151901
2017-04-18 13:51:07.244666,0.007050900682447443
2017-04-18 13:51:07.349445,0.009912405147505392
2017-04-18 13:51:07.452218,0.015270363130918225
2017-04-18 13:51:07.555493,0.01821071460551563
2017-04-18 13:51:07.658267,0.01848749804613145
2017-04-18 13:51:07.761541,0.016442894873867152
2017-04-18 13:51:07.879856,0.013880938653069563
2017-04-18 13:51:07.982127,0.012917340610584896
2017-04-18 13:51:08.085402,0.009345808586110317
2017-04-18 13:51:08.188175,0.008158630090211729
2017-04-18 13:51:08.290949,0.007343568480846698
2017-04-18 13:51:08.393723,0.0071149622570564775
2017-04-18 13:51:08.498000,0.003647663695663668
2017-04-18 13:51:08.599770,0.0028810029824746252
2017-04-18 13:51:08.702543,0.003760044245465165
2017-04-18 13:51:08.806319,0.0006441149531141877
2017-04-18 13:51:08.910597,0.0016453937345942905
2017-04-18 13:51:09.014873,0.0032933773276236614
2017-04-18 13:51:09.118148,0.004476038335386111
2017-04-18 13:51:09.220921,0.011280998539349529
2017-04-18 13:51:09.324196,0.01761704408189313
2017-04-18 13:51:09.427472,0.016706945361710485
2017-04-18 13:51:09.529742,0.01723136737192076
2017-04-18 13:51:09.632515,0.017762216085902796
2017-04-18 13:51:09.735290,0.014828336702012411
2017-04-18 13:51:09.838564,0.0151964696924353
2017-04-18 13:51:09.945850,0.014645800663282018
2017-04-18 13:51:10.049625,0.016785716024136532
2017-04-18 13:51:10.152398,0.018403872058811298
2017-04-18 13:51:10.256174,0.02044357225823159
2017-04-18 13:51:10.358947,0.016818685915774217
2017-04-18 13:51:10.462222,0.01597603300956296
2017-04-18 13:51:10.568003,0.015770377123309563
2017-04-18 13:51:10.671278,0.01264184095055318
2017-04-18 13:51:10.774552,0.01199560354276717
2017-04-18 13:51:10.883343,0.009459912456574359
2017-04-18 13:51:10.986617,0.009869757370398712
2017-04-18 13:51:11.089390,0.01251021184890761
2017-04-18 13:51:11.194168,0.013949693036544518
2017-04-18 13:51:11.296942,0.014298518848034937
2017-04-18 13:51:11.401720,0.01703617876936822
2017-04-18 13:51:11.508003,0.016550525307037513
2017-04-18 13:51:11.614787,0.017093359720300755
2017-04-18 13:51:11.718062,0.014131415593667073
2017-04-18 13:51:11.820883,0.011275140700418112
2017-04-18 13:51:11.924109,0.012428573603643744
2017-04-18 13:51:12.038413,0.014090875283558228
2017-04-18 13:51:12.141187,0.017307504025362387
2017-04-18 13:51:12.244461,0.017180215532775916
2017-04-18 13:51:12.346733,0.015519982568375322
2017-04-18 13:51:12.450008,0.012198171542795951
2017-04-18 13:51:12.552781,0.011496074547297643
2017-04-18 13:51:12.655554,0.009464206400340127
2017-04-18 13:51:12.758327,0.00966755073095
2017-04-18 13:51:12.861602,0.009128103171830484
2017-04-18 13:51:12.964877,0.007848479227704604
2017-04-18 13:51:13.081688,0.00825603230629311
2017-04-18 13:51:13.184461,0.012539904208193576
2017-04-18 13:51:13.287735,0.01171351985995088
2017-04-18 13:51:13.391010,0.01520286116587402
2017-04-18 13:51:13.492780,0.016641071564044
2017-04-18 13:51:13.595554,0.01330431215895445
2017-04-18 13:51:13.698327,0.01230505790236349
2017-04-18 13:51:13.804610,0.012150357792940969
2017-04-18 13:51:13.910391,0.011227445560480376
2017-04-18 13:51:14.013666,0.011287404069643995
2017-04-18 13:51:14.132481,0.01003958017321413
2017-04-18 13:51:14.238263,0.013102474434273877
2017-04-18 13:51:14.341036,0.013855622828603514
2017-04-18 13:51:14.443809,0.012426135655705451
2017-04-18 13:51:14.550093,0.012832085901214938
2017-04-18 13:51:14.653868,0.015575818695234648
2017-04-18 13:51:14.757143,0.01257815099823
2017-04-18 13:51:14.860919,0.010593698901434054
2017-04-18 13:51:14.964193,0.012266660330930722
2017-04-18 13:51:15.068473,0.011285637419084747
2017-04-18 13:51:15.190796,0.011111623515031038
2017-04-18 13:51:15.293569,0.010646327801910771
2017-04-18 13:51:15.396843,0.009828216561194373
2017-04-18 13:51:15.500118,0.009393236313411163
2017-04-18 13:51:15.605398,0.00794577462588959
2017-04-18 13:51:15.708171,0.008836428223967298
2017-04-18 13:51:15.810945,0.007859031601171988
2017-04-18 13:51:15.913719,0.005849124960014274
2017-04-18 13:51:16.016995,0.007289670424640333
2017-04-18 13:51:16.120769,0.0077640730158590274
2017-04-18 13:51:16.223542,0.01001255601198258
2017-04-18 13:51:16.326315,0.010620777306574614
2017-04-18 13:51:16.429589,0.01103319124635151
2017-04-18 13:51:16.532363,0.011065662021653454
2017-04-18 13:51:16.635136,0.010519545967924855
2017-04-18 13:51:16.737909,0.009000948050505178
2017-04-18 13:51:16.840682,0.008576124689927682
2017-04-18 13:51:16.943456,0.006932773359244555
2017-04-18 13:51:17.047232,0.00846253987496318
2017-04-18 13:51:17.150006,0.009948302338346832
2017-04-18 13:51:17.254784,0.011753507597393204
2017-04-18 13:51:17.357557,0.01276738063151729
2017-04-18 13:51:17.460331,0.011669857571039447
2017-04-18 13:51:17.564107,0.009988107814226781
2017-04-18 13:51:17.669386,0.0042016952466499315
2017-04-18 13:51:17.772159,0.0029505545189749084
2017-04-18 13:51:17.875435,-0.0003712687225630798
2017-04-18 13:51:17.977706,0.00048018895578915734
2017-04-18 13:51:18.080479,0.001101754600520311
2017-04-18 13:51:18.183755,0.006277507481570364
2017-04-18 13:51:18.289536,0.008512600681691618
2017-04-18 13:51:18.391808,0.00880738225158045
2017-04-18 13:51:18.494079,0.011074265687252303
2017-04-18 13:51:18.597354,0.011046510073698265
2017-04-18 13:51:18.700127,0.010353626147840574
2017-04-18 13:51:18.804405,0.011112341473126688
2017-04-18 13:51:18.907679,0.009728626687053807
2017-04-18 13:51:19.010452,0.009621112620493305
2017-04-18 13:51:19.113225,0.00671484043603522
2017-04-18 13:51:19.217001,0.00683572224012846
2017-04-18 13:51:19.331306,0.00822344455371507
2017-04-18 13:51:19.434580,0.006418706218961026
2017-04-18 13:51:19.538356,0.0059765960166083916
2017-04-18 13:51:19.641129,0.005031669721944038
2017-04-18 13:51:19.744404,0.0032959522726443706
2017-04-18 13:51:19.847178,0.0018199927037070005
2017-04-18 13:51:19.950452,0.0017939893264755776
2017-04-18 13:51:20.054729,0.0019057205908542402
2017-04-18 13:51:20.158004,0.0035005485227924482
2017-04-18 13:51:20.261278,0.0068996816530809005
2017-04-18 13:51:20.367561,0.007284716904277467
2017-04-18 13:51:20.470835,0.008474228512093736
2017-04-18 13:51:20.574110,0.00982486086899461
2017-04-18 13:51:20.677385,0.0096518478291551
2017-04-18 13:51:20.780159,0.010283987262306235
2017-04-18 13:51:20.882931,0.01028782450595211
2017-04-18 13:51:20.985704,0.009352304424137184
2017-04-18 13:51:21.088980,0.007419066695696062
2017-04-18 13:51:21.194259,0.006358032705905332
2017-04-18 13:51:21.297534,0.005795928275803852
2017-04-18 13:51:21.410334,0.00461834292269801
2017-04-18 13:51:21.513107,0.0033523442748664995
2017-04-18 13:51:21.616381,0.0037539432274299057
2017-04-18 13:51:21.719154,0.0009282285087838932
2017-04-18 13:51:21.821928,0.0004389934702162088
2017-04-18 13:51:21.925704,-0.0007302123944894386
2017-04-18 13:51:22.028478,-0.0006059223074267538
2017-04-18 13:51:22.131250,-0.0012148839684671515
2017-04-18 13:51:22.234024,0.004587760379742823
2017-04-18 13:51:22.337299,0.006473797343944771
2017-04-18 13:51:22.444083,0.007203421239923203
2017-04-18 13:51:22.546856,0.008817011380633115
2017-04-18 13:51:22.649629,0.01013735142931779
2017-04-18 13:51:22.755912,0.007502916620127558
2017-04-18 13:51:22.860190,0.009690072369344552
2017-04-18 13:51:22.963463,0.008818664465223905
2017-04-18 13:51:23.069245,0.008408944690155764
2017-04-18 13:51:23.172019,0.006084382644107827
2017-04-18 13:51:23.275292,0.00483549157959918
2017-04-18 13:51:23.381575,0.005142122139605448
2017-04-18 13:51:23.493373,0.002924990460475429
2017-04-18 13:51:23.596648,0.002663781712661505
2017-04-18 13:51:23.699421,-0.0004173705020924206
2017-04-18 13:51:23.802695,-0.00045642944031255373
2017-04-18 13:51:23.908479,-0.0010411732774708764
2017-04-18 13:51:24.011752,-0.0006999496063557435
2017-04-18 13:51:24.114524,0.0008554154360370311
2017-04-18 13:51:24.217799,0.001209984400551672
2017-04-18 13:51:24.321074,0.0037720231735664887
2017-04-18 13:51:24.424849,0.007464803321052639
2017-04-18 13:51:24.533639,0.007869405819207696
2017-04-18 13:51:24.636913,0.009703951816001576
2017-04-18 13:51:24.743196,0.008454995603948608
2017-04-18 13:51:24.846471,0.006063726992403512
2017-04-18 13:51:24.950247,0.008741199311472306
2017-04-18 13:51:25.053020,0.008236006382787651
2017-04-18 13:51:25.156295,0.008493710666387006
2017-04-18 13:51:25.259569,0.006608387483015428
2017-04-18 13:51:25.363345,0.005320667156422706
2017-04-18 13:51:25.466619,0.0057151639694901545
2017-04-18 13:51:25.580923,0.0026443092902736958
2017-04-18 13:51:25.684198,0.0017430974237186343
2017-04-18 13:51:25.787473,0.00033307872251765215
2017-04-18 13:51:25.890748,0.0003013810974798123
2017-04-18 13:51:25.995025,-0.0004693606138580337
2017-04-18 13:51:26.098299,0.0020249522445704438
2017-04-18 13:51:26.201073,0.009908443295258732
2017-04-18 13:51:26.304347,0.012852464852108439
2017-04-18 13:51:26.407120,0.007729883335117067
2017-04-18 13:51:26.511398,0.007636439722823001
2017-04-18 13:51:26.625200,0.009555196358290458
2017-04-18 13:51:26.728475,0.005493009112705017
2017-04-18 13:51:26.831749,0.00034127200293857267
2017-04-18 13:51:26.936528,-0.006216474663212777
2017-04-18 13:51:27.040304,-0.0060709564452489095
2017-04-18 13:51:27.143578,-0.004011972810205543
2017-04-18 13:51:27.246352,0.002501848680591848
2017-04-18 13:51:27.349627,0.008972355156880853
2017-04-18 13:51:27.452400,0.011318972449177378
2017-04-18 13:51:27.556176,0.01051728764793953
2017-04-18 13:51:27.660454,0.0075401324246105765
2017-04-18 13:51:27.763227,0.007448955711270171
2017-04-18 13:51:27.865999,0.007705954056675634
2017-04-18 13:51:27.969274,0.008030137686579333
2017-04-18 13:51:28.072549,0.008058876654615087
2017-04-18 13:51:28.175823,0.00818536646827181
2017-04-18 13:51:28.279098,0.008742550797020408
2017-04-18 13:51:28.381370,0.008547267458155733
2017-04-18 13:51:28.484645,0.00854003993852228
2017-04-18 13:51:28.586916,0.008566166917834676
2017-04-18 13:51:28.694703,0.006844177849915944
2017-04-18 13:51:28.797977,0.004904515268910401
2017-04-18 13:51:28.904761,0.0022451843609865444
2017-04-18 13:51:29.008538,0.0029263276475876604
2017-04-18 13:51:29.111813,0.0030097723470123156
2017-04-18 13:51:29.214586,0.005731024743756476
2017-04-18 13:51:29.321369,0.009337690092259054
2017-04-18 13:51:29.424644,0.011136265318991307
2017-04-18 13:51:29.529423,0.00973971159311938
2017-04-18 13:51:29.632697,0.0093342184409878
2017-04-18 13:51:29.737476,0.00820069113545291
2017-04-18 13:51:29.840249,0.006839401174802693
2017-04-18 13:51:29.947034,0.004855866370235218
2017-04-18 13:51:30.049806,0.0039140032920412906
2017-04-18 13:51:30.152580,0.004899789963775382
2017-04-18 13:51:30.255855,0.0056036217216098565
2017-04-18 13:51:30.359630,0.004913315559319309
2017-04-18 13:51:30.461903,0.0067794342308589075
2017-04-18 13:51:30.564675,0.007880566459743854
2017-04-18 13:51:30.667950,0.0168960122246224
2017-04-18 13:51:30.770723,0.019642142765018474
2017-04-18 13:51:30.873497,-0.005678116232333607
2017-04-18 13:51:30.976771,-0.017822307310857526
2017-04-18 13:51:31.083555,-0.017560107412123105
2017-04-18 13:51:31.186328,-0.01504769906262795
2017-04-18 13:51:31.289102,-0.00628072422003688
2017-04-18 13:51:31.391875,-0.011531564266942384
2017-04-18 13:51:31.494147,0.012714124680833518
2017-04-18 13:51:31.597422,-0.02381060247749376
2017-04-18 13:51:31.700696,0.003757643814211231
2017-04-18 13:51:31.819512,-0.02196764416236585
2017-04-18 13:51:31.922285,-0.011172657016000558
2017-04-18 13:51:32.025560,-0.0005595923856538748
2017-04-18 13:51:32.131341,0.0009154597719555056
2017-04-18 13:51:32.234616,-0.006902869189210464
2017-04-18 13:51:32.337891,-0.014279890872035437
2017-04-18 13:51:32.443672,-0.01317649261454266
2017-04-18 13:51:32.547448,-0.013694925085792536
2017-04-18 13:51:32.649720,-0.014610070154380652
2017-04-18 13:51:32.755501,-0.012126621808588612
2017-04-18 13:51:32.860781,-0.01739510909077528
2017-04-18 13:51:32.963555,-0.027762483146023604
2017-04-18 13:51:33.069335,-0.02572795405964393
2017-04-18 13:51:33.172109,-0.014424229803849149
2017-04-18 13:51:33.276888,-0.012032587942004867
2017-04-18 13:51:33.381666,-0.017238363584221067
2017-04-18 13:51:33.484439,-0.005689042654851107
2017-04-18 13:51:33.587212,-0.017273929046757428
2017-04-18 13:51:33.692994,-0.009852928785700191
2017-04-18 13:51:33.796268,-0.003367506484643073
2017-04-18 13:51:33.910071,0.009495375790368429
2017-04-18 13:51:34.012845,-0.0020495601569697195
2017-04-18 13:51:34.116620,-0.0019572957480158623
2017-04-18 13:51:34.219895,-0.005671217705730329
2017-04-18 13:51:34.323171,-0.005553793812843185
2017-04-18 13:51:34.425943,-0.019474864876412538
2017-04-18 13:51:34.453015,-0.006463826905035108
2017-04-18 13:51:34.556289,-0.0063507126442816095
2017-04-18 13:51:34.659564,-0.005698768651059522
2017-04-18 13:51:34.762839,-0.012027806312552531
2017-04-18 13:51:34.877644,-0.008123525330259972
2017-04-18 13:51:34.980918,-0.010239367273395602
2017-04-18 13:51:35.085197,-0.010433528687709932
2017-04-18 13:51:35.188972,-0.018790266740430262
2017-04-18 13:51:35.291745,-0.02133088234828599
2017-04-18 13:51:35.395020,-0.021548754041795074
2017-04-18 13:51:35.500801,-0.018518889206040823
2017-04-18 13:51:35.603574,-0.020364405271182915
2017-04-18 13:51:35.706347,-0.020776916795481847
2017-04-18 13:51:35.809623,-0.018075890850055953
2017-04-18 13:51:35.922923,-0.023715718326720318
2017-04-18 13:51:36.026198,-0.026735033605088554
2017-04-18 13:51:36.128971,-0.023307447853022745
2017-04-18 13:51:36.232246,-0.018844719867463035
2017-04-18 13:51:36.336022,-0.018562607357642008
2017-04-18 13:51:36.439297,-0.016201341748483124
2017-04-18 13:51:36.542571,-0.02027326911950102
2017-04-18 13:51:36.644843,-0.018974694247203536
2017-04-18 13:51:36.748118,-0.019744175263419265
2017-04-18 13:51:36.852395,-0.0196331153517769
2017-04-18 13:51:36.956171,-0.019662418137967475
2017-04-18 13:51:37.059445,-0.01682846149719057
2017-04-18 13:51:37.162218,-0.018639346853082675
2017-04-18 13:51:37.265493,-0.018154169385173852
2017-04-18 13:51:37.368266,-0.018009480620684363
2017-04-18 13:51:37.471541,-0.0168107531213997
2017-04-18 13:51:37.574815,-0.016306928962880128
2017-04-18 13:51:37.678592,-0.018155395754154594
2017-04-18 13:51:37.781365,-0.01868780193550201
2017-04-18 13:51:37.885643,-0.01837785475952999
2017-04-18 13:51:37.989418,-0.01838608114413541
2017-04-18 13:51:38.092191,-0.01860008671305638
2017-04-18 13:51:38.198474,-0.016887845735797918
2017-04-18 13:51:38.303253,-0.020475727692930403
2017-04-18 13:51:38.406026,-0.019949950058200983
2017-04-18 13:51:38.509301,-0.019587209490125428
2017-04-18 13:51:38.612575,-0.021355866848388666
2017-04-18 13:51:38.715349,-0.022335455583364538
2017-04-18 13:51:38.820127,-0.024154336593471472
2017-04-18 13:51:38.923904,-0.02442092806409641
2017-04-18 13:51:39.038207,-0.024018659694328166
2017-04-18 13:51:39.141482,-0.02430100784542676
2017-04-18 13:51:39.244255,-0.025562994580994088
2017-04-18 13:51:39.347529,-0.023971519382265133
2017-04-18 13:51:39.450804,-0.022798419248906653
2017-04-18 13:51:39.555082,-0.023357184266366404
2017-04-18 13:51:39.657353,-0.02280429292227758
2017-04-18 13:51:39.760628,-0.02433900503670377
2017-04-18 13:51:39.863401,-0.02409798209242689
2017-04-18 13:51:39.967679,-0.022037717627763388
2017-04-18 13:51:40.084990,-0.022351249212528245
2017-04-18 13:51:40.189268,-0.024085196816879845
2017-04-18 13:51:40.292542,-0.022507462845924097
2017-04-18 13:51:40.395817,-0.023036825887195186
2017-04-18 13:51:40.498089,-0.023551318466291944
2017-04-18 13:51:40.606878,-0.022393285697294804
2017-04-18 13:51:40.721685,-0.024164191653478245
2017-04-18 13:51:40.824958,-0.02336606100637588
2017-04-18 13:51:40.934249,-0.02428101101073551
2017-04-18 13:51:41.038025,-0.023628568266247832
2017-04-18 13:51:41.147816,-0.023677872846294953
2017-04-18 13:51:41.250590,-0.02428685521284374
2017-04-18 13:51:41.355369,-0.02277091066332776
2017-04-18 13:51:41.460148,-0.024360823249422424
2017-04-18 13:51:41.562419,-0.024610444606351638
2017-04-18 13:51:41.666697,-0.022920831375922407
2017-04-18 13:51:41.769970,-0.02449372870240187
2017-04-18 13:51:41.873246,-0.024544567687782154
2017-04-18 13:51:41.976520,-0.02360467244805091
2017-04-18 13:51:42.079294,-0.02574274428858366
2017-04-18 13:51:42.193598,-0.024691464987188345
2017-04-18 13:51:42.296370,-0.024434377890385026
2017-04-18 13:51:42.401150,-0.022850708714682692
2017-04-18 13:51:42.504926,-0.02339193659249613
2017-04-18 13:51:42.609705,-0.022693294378960303
2017-04-18 13:51:42.712978,-0.0221690300575134
2017-04-18 13:51:42.837811,-0.022737628407267837
2017-04-18 13:51:42.941586,-0.021630126250804575
2017-04-18 13:51:43.044861,-0.02190565236735139
2017-04-18 13:51:43.148135,-0.0219081824008201
2017-04-18 13:51:43.269459,-0.01974041760714626
2017-04-18 13:51:43.372231,-0.01951918854961438
2017-04-18 13:51:43.476008,-0.01880311978773285
2017-04-18 13:51:43.580286,-0.01876296256567204
2017-04-18 13:51:43.683559,-0.019298032241510325
2017-04-18 13:51:43.787336,-0.018355690257754517
2017-04-18 13:51:43.891112,-0.01829907976415207
2017-04-18 13:51:44.001405,-0.018691041059156404
2017-04-18 13:51:44.108189,-0.016087535536820876
2017-04-18 13:51:44.219485,-0.018061484197721207
2017-04-18 13:51:44.332284,-0.01699399172674373
2017-04-18 13:51:44.434556,-0.018753083335826544
2017-04-18 13:51:44.545351,-0.018183683404787366
2017-04-18 13:51:44.652135,-0.019090170913918434
2017-04-18 13:51:44.757916,-0.016925663390622552
2017-04-18 13:51:44.861190,-0.018528298889602474
2017-04-18 13:51:44.964465,-0.01903676161573278
2017-04-18 13:51:45.067740,-0.019512266054808197
2017-04-18 13:51:45.171014,-0.017621910081290007
2017-04-18 13:51:45.274790,-0.01806203863256748
2017-04-18 13:51:45.378065,-0.017474415081516106
2017-04-18 13:51:45.480838,-0.018453266031147976
2017-04-18 13:51:45.584112,-0.01708999999307706
2017-04-18 13:51:45.687387,-0.019049806084266745
2017-04-18 13:51:45.792668,-0.01950464441744767
2017-04-18 13:51:45.896443,-0.01931484206385559
2017-04-18 13:51:45.999718,-0.019247461821399473
2017-04-18 13:51:46.102491,-0.019211332978271562
2017-04-18 13:51:46.206268,-0.017315165937915357
2017-04-18 13:51:46.309542,-0.019479566765796166
2017-04-18 13:51:46.428861,-0.019292884378693788
2017-04-18 13:51:46.532134,-0.016906125424564076
2017-04-18 13:51:46.635408,-0.017667352204330727
2017-04-18 13:51:46.738683,-0.019032658449521525
2017-04-18 13:51:46.843462,-0.017113901870746746
2017-04-18 13:51:46.948742,-0.019189600245644
2017-04-18 13:51:47.054522,-0.018552952998245248
2017-04-18 13:51:47.157797,-0.01798075548143762
2017-04-18 13:51:47.261574,-0.01983062906583106
2017-04-18 13:51:47.364848,-0.02047136573114653
2017-04-18 13:51:47.473637,-0.021161682624820235
2017-04-18 13:51:47.577414,-0.01912706328562924
2017-04-18 13:51:47.681189,-0.019869437173740002
2017-04-18 13:51:47.784464,-0.01532009624421031
2017-04-18 13:51:47.888240,-0.017537083351755627
2017-04-18 13:51:47.991013,-0.019119516731639766
2017-04-18 13:51:48.094789,-0.017065498194287057
2017-04-18 13:51:48.198063,-0.014635836722523974
2017-04-18 13:51:48.303344,-0.012817643973810867
2017-04-18 13:51:48.406618,-0.014688015221366015
2017-04-18 13:51:48.516911,-0.014413607366684103
2017-04-18 13:51:48.620186,-0.014418409730760218
2017-04-18 13:51:48.723461,-0.016134094009922443
2017-04-18 13:51:48.826234,-0.01665754142391168
2017-04-18 13:51:48.928506,-0.018073327322909782
2017-04-18 13:51:49.031279,-0.019468530656924634
2017-04-18 13:51:49.134052,-0.02051973573807542
2017-04-18 13:51:49.164133,-0.0214902146898621
2017-04-18 13:51:49.266906,-0.02144262941178096
2017-04-18 13:51:49.370180,-0.020428044830671253
2017-04-18 13:51:49.488495,-0.019478949179226303
2017-04-18 13:51:49.591268,-0.018490209176383936
2017-04-18 13:51:49.694543,-0.019271265843964065
2017-04-18 13:51:49.797316,-0.019083529215788906
2017-04-18 13:51:49.903599,-0.018826316827171754
2017-04-18 13:51:50.009380,-0.018868184565431545
2017-04-18 13:51:50.113658,-0.017364980433112187
2017-04-18 13:51:50.216932,-0.027707648816938095
2017-04-18 13:51:50.320206,-0.02442341346674937
2017-04-18 13:51:50.423481,-0.023107530914871912
2017-04-18 13:51:50.537284,-0.021667671226647523
2017-04-18 13:51:50.640558,-0.02120344935520123
2017-04-18 13:51:50.743833,-0.02307750274229147
2017-04-18 13:51:50.847609,-0.01954204021432381
2017-04-18 13:51:50.950884,-0.017213874536197802
2017-04-18 13:51:51.054158,-0.017330152480900165
2017-04-18 13:51:51.157432,-0.018533096963599963
2017-04-18 13:51:51.260206,-0.016740006934677573
2017-04-18 13:51:51.363982,-0.017270561024465426
2017-04-18 13:51:51.467758,-0.018258989540657317
2017-04-18 13:51:51.583066,-0.017625841147436525
2017-04-18 13:51:51.686339,-0.017596567881499447
2017-04-18 13:51:51.789112,-0.018526264934795224
2017-04-18 13:51:51.891886,-0.01788281904013659
2017-04-18 13:51:52.028248,-0.01715325776567466
2017-04-18 13:51:52.136035,-0.016969319388470697
2017-04-18 13:51:52.241816,-0.018334677888640384
2017-04-18 13:51:52.350106,-0.017953701430083336
2017-04-18 13:51:52.456386,-0.01541610745881839
2017-04-18 13:51:52.566680,-0.01778363050247522
2017-04-18 13:51:52.676472,-0.01880605192751973
2017-04-18 13:51:52.779746,-0.016750526005816245
2017-04-18 13:51:52.883523,-0.017491271233918068
2017-04-18 13:51:52.986797,-0.015365309902823393
2017-04-18 13:51:53.090071,-0.017259297105262156
2017-04-18 13:51:53.193346,-0.015700739754690347
2017-04-18 13:51:53.297624,-0.01569519703965923
2017-04-18 13:51:53.401400,-0.016494890815076983
2017-04-18 13:51:53.508183,-0.018616662362954846
2017-04-18 13:51:53.616473,-0.021487385082391782
2017-04-18 13:51:53.724258,-0.021768192389020263
2017-04-18 13:51:53.827532,-0.031011557145313937
2017-04-18 13:51:53.932813,-0.014693058047315268
2017-04-18 13:51:53.966405,-0.0141428129326337
2017-04-18 13:51:54.004503,-0.013840117823995196
2017-04-18 13:51:54.034584,-0.012646917948993561
2017-04-18 13:51:54.066670,-0.012334114462133103
2017-04-18 13:51:54.095747,-0.0109164050593513
2017-04-18 13:51:54.127831,-0.01091802845655864
2017-04-18 13:51:54.233612,-0.011464236612814519
2017-04-18 13:51:54.348417,-0.009717903629728918
2017-04-18 13:51:54.451692,-0.0033566322212598026
2017-04-18 13:51:54.554967,-0.0036634738426429628
2017-04-18 13:51:54.658743,-0.0019978847386437244
2017-04-18 13:51:54.762017,-0.0013553278820127926
2017-04-18 13:51:54.960045,-0.002691630568396017
2017-04-18 13:51:55.066829,-0.001703447365739855
2017-04-18 13:51:55.180631,-0.00527060754307836
2017-04-18 13:51:55.284908,-0.005490834761878238
2017-04-18 13:51:55.388684,-0.006944163309953656
2017-04-18 13:51:55.504993,-0.007263572965725385
2017-04-18 13:51:55.618294,-0.006959369188551952
2017-04-18 13:51:55.724076,-0.007059267267530215
2017-04-18 13:51:55.830859,-0.007915668316160817
2017-04-18 13:51:55.941654,-0.007199896123171871
2017-04-18 13:51:56.054454,-0.008101491436806923
2017-04-18 13:51:56.164747,-0.010057402171598968
2017-04-18 13:51:56.269025,-0.009084436563772169
2017-04-18 13:51:56.371798,-0.010905017105390914
2017-04-18 13:51:56.476076,-0.008118668928161843
2017-04-18 13:51:56.597899,-0.010064715078685445
2017-04-18 13:51:56.702177,-0.01025636464775623
2017-04-18 13:51:56.805953,-0.008649889594581257
2017-04-18 13:51:56.909227,-0.00759511665765384
2017-04-18 13:51:57.013004,-0.001033890106512005
2017-04-18 13:51:57.122795,0.00962279706634895
2017-04-18 13:51:57.227073,-0.004903723521587866
2017-04-18 13:51:57.334357,-0.02123117712264313
2017-04-18 13:51:57.437632,0.012201770967952488
2017-04-18 13:51:57.540907,0.005184655419498287
2017-04-18 13:51:57.644682,-0.0038429759244094975
2017-04-18 13:51:57.747456,-0.0016981268837303804
2017-04-18 13:51:57.852736,-0.024994241035777926
2017-04-18 13:51:57.956010,0.005288344753690903
2017-04-18 13:51:58.059285,-0.00025378323156370706
2017-04-18 13:51:58.162560,0.013105139035813458
2017-04-18 13:51:58.265834,0.019628145133988528
2017-04-18 13:51:58.370613,-0.006968591016139808
2017-04-18 13:51:58.473386,-0.003460586565654694
2017-04-18 13:51:58.577162,-0.011581920664112118
2017-04-18 13:51:58.692468,0.0010219919223221044
2017-04-18 13:51:58.795242,0.004195911902104315
2017-04-18 13:51:58.898015,-0.009113409536123484
2017-04-18 13:51:59.005802,-0.004566229344476662
2017-04-18 13:51:59.108575,-0.008272577106910407
2017-04-18 13:51:59.211850,-0.006680200584137218
2017-04-18 13:51:59.317631,-0.008480914072796684
2017-04-18 13:51:59.420404,-0.01317243382930875
2017-04-18 13:51:59.524682,0.004274821606522599
2017-04-18 13:51:59.631465,-0.009672707777996926
2017-04-18 13:51:59.739753,0.0042669420162092485
2017-04-18 13:51:59.843529,0.006609257857305645
2017-04-18 13:51:59.946804,-0.005080268818456952
2017-04-18 13:52:00.050581,-0.008730596286529566
2017-04-18 13:52:00.153353,-0.022044483941750577
2017-04-18 13:52:00.258633,-0.029469828427216804
2017-04-18 13:52:00.362409,-0.028659045199811325
2017-04-18 13:52:00.465182,0.005422990472995631
2017-04-18 13:52:00.570964,0.0039311489063043985
2017-04-18 13:52:00.675241,0.0005151867176459565
2017-04-18 13:52:00.792052,0.007516174467477496
2017-04-18 13:52:00.895326,-0.02115232576258826
2017-04-18 13:52:00.998601,-0.017007107929774726
2017-04-18 13:52:01.101876,-0.01596917460203124
2017-04-18 13:52:01.205651,-0.01243597026630368
2017-04-18 13:52:01.308926,-0.013110512789551958
2017-04-18 13:52:01.412200,-0.015729862306718016
2017-04-18 13:52:01.516478,-0.013660571869427386
2017-04-18 13:52:01.619251,-0.01582201616072106
2017-04-18 13:52:01.723027,-0.01779727419672607
2017-04-18 13:52:01.832819,-0.01793009024135991
2017-04-18 13:52:01.936094,-0.018912561944505447
2017-04-18 13:52:02.040872,-0.02167337166851543
2017-04-18 13:52:02.147657,-0.026684506772928804
2017-04-18 13:52:02.250430,-0.02640005136044917
2017-04-18 13:52:02.353203,-0.024632909977626426
2017-04-18 13:52:02.456477,-0.02248141004707738
2017-04-18 13:52:02.560755,-0.021078966828524892
2017-04-18 13:52:02.663527,-0.01907272164722034
2017-04-18 13:52:02.767305,-0.018231591597536175
2017-04-18 13:52:02.883613,-0.019935686859050054
2017-04-18 13:52:02.986888,-0.01730460381650206
2017-04-18 13:52:03.090162,-0.01711877689802214
2017-04-18 13:52:03.193437,-0.01774619770076527
2017-04-18 13:52:03.296711,-0.019281386793778367
2017-04-18 13:52:03.399485,-0.020649556288992878
2017-04-18 13:52:03.502759,-0.021446402255547798
2017-04-18 13:52:03.606536,-0.02146176699783398
2017-04-18 13:52:03.710311,-0.020818785298915773
2017-04-18 13:52:03.814087,-0.020268044727759827
2017-04-18 13:52:03.922375,-0.01988076291542619
2017-04-18 13:52:04.025650,-0.016506015635917658
2017-04-18 13:52:04.129426,-0.014163069750701574
2017-04-18 13:52:04.232199,-0.013950975139209213
2017-04-18 13:52:04.337479,-0.011358481044591697
2017-04-18 13:52:04.445266,-0.0031576540631368206
2017-04-18 13:52:04.552551,-0.0035707182384989893
2017-04-18 13:52:04.655826,-0.009200162421649357
2017-04-18 13:52:04.758599,-0.013462391852839484
2017-04-18 13:52:04.861873,-0.015972626929392653
2017-04-18 13:52:04.971665,-0.014565632891706542
2017-04-18 13:52:05.075441,-0.009372912090706537
2017-04-18 13:52:05.179218,-0.008284140194398708
2017-04-18 13:52:05.283495,-0.010516285192914997
2017-04-18 13:52:05.387270,-0.008949940584831107
2017-04-18 13:52:05.491048,-0.010291272056863959
2017-04-18 13:52:05.594823,-0.014018454315960422
2017-04-18 13:52:05.697595,-0.015991145193974418
2017-04-18 13:52:05.800870,-0.004444139132617208
2017-04-18 13:52:05.904145,0.011005445123522443
2017-04-18 13:52:06.019451,0.010432872421456107
2017-04-18 13:52:06.122225,0.0009096048912821042
2017-04-18 13:52:06.225499,-0.006628275229742578
2017-04-18 13:52:06.328774,-0.027080318617758455
2017-04-18 13:52:06.432049,0.0008077631271306806
2017-04-18 13:52:06.534823,0.010492649662766843
2017-04-18 13:52:06.638598,0.006937681659273996
2017-04-18 13:52:06.745382,0.00020313451833050937
2017-04-18 13:52:06.851163,-0.0086813894108922
2017-04-18 13:52:06.957445,-0.0004714014046420139
2017-04-18 13:52:07.069244,0.014176861650493566
2017-04-18 13:52:07.175526,0.01903667449712358
2017-04-18 13:52:07.278298,0.01887524266584298
2017-04-18 13:52:07.381574,0.014333891554104016
2017-04-18 13:52:07.484848,0.011286143652458244
2017-04-18 13:52:07.588123,0.013107083335034008
2017-04-18 13:52:07.691397,0.012832649550227181
2017-04-18 13:52:07.794171,0.0007237911303708121
2017-04-18 13:52:07.896944,-0.012527694950037095
2017-04-18 13:52:08.000218,-0.015374283982912533
2017-04-18 13:52:08.113520,-0.014885458054535486
2017-04-18 13:52:08.216794,-0.014715482121098055
2017-04-18 13:52:08.319567,-0.014403548036303351
2017-04-18 13:52:08.422842,-0.010203763581387689
2017-04-18 13:52:08.526619,0.007718049711226955
2017-04-18 13:52:08.629893,0.02037659649072164
2017-04-18 13:52:08.732666,0.02109229078444557
2017-04-18 13:52:08.835439,0.01940639388697301
2017-04-18 13:52:08.938714,0.015055260854623477
2017-04-18 13:52:09.042991,0.014157533599688686
2017-04-18 13:52:09.146767,0.016158080735213715
2017-04-18 13:52:09.250042,0.006879799887163929
2017-04-18 13:52:09.352314,-0.004701956834603401
2017-04-18 13:52:09.455588,-0.016913820557525737
2017-04-18 13:52:09.557861,-0.017686106620488046
2017-04-18 13:52:09.661136,-0.02056437536328234
2017-04-18 13:52:09.764911,-0.020770092131173475
2017-04-18 13:52:09.868186,-0.016317488920170223
2017-04-18 13:52:09.971961,0.00226225419727651
2017-04-18 13:52:10.075236,0.017159207343773925
2017-04-18 13:52:10.190041,0.016031346477289713
2017-04-18 13:52:10.292815,0.01211557687203498
2017-04-18 13:52:10.397093,0.009464431584206642
2017-04-18 13:52:10.499865,0.007554400932431298
2017-04-18 13:52:10.603140,0.006762382606455235
2017-04-18 13:52:10.706415,0.016489501670602646
2017-04-18 13:52:10.809187,0.016384520816519293
2017-04-18 13:52:10.912462,0.012586424007241179
2017-04-18 13:52:11.015235,0.006703675046440091
2017-04-18 13:52:11.120014,0.0018572088219472188
2017-04-18 13:52:11.237326,-0.0011983669833171102
2017-04-18 13:52:11.340600,0.0027736988371673014
2017-04-18 13:52:11.447385,0.011007583195030589
2017-04-18 13:52:11.554169,0.016545553961719528
2017-04-18 13:52:11.660451,0.01496778584389985
2017-04-18 13:52:11.763224,0.011358536154827022
2017-04-18 13:52:11.867000,0.009751851430383216
2017-04-18 13:52:11.970776,0.0063863189377535365
2017-04-18 13:52:12.074051,0.0075033812321810235
2017-04-18 13:52:12.177325,0.01234463200767942
2017-04-18 13:52:12.285613,0.015993823808023437
2017-04-18 13:52:12.388888,0.014542496850447652
2017-04-18 13:52:12.492163,0.01280301722758402
2017-04-18 13:52:12.595940,0.017443222486848903
2017-04-18 13:52:12.699715,0.014683909098717484
2017-04-18 13:52:12.802990,0.009352836505291532
2017-04-18 13:52:12.905762,0.012144629517459222
2017-04-18 13:52:13.008535,0.019399017376955225
2017-04-18 13:52:13.111309,0.021844894577113198
2017-04-18 13:52:13.214584,0.018635661803061025
2017-04-18 13:52:13.318359,0.016292761426873557
2017-04-18 13:52:13.421634,0.014513003727322836
2017-04-18 13:52:13.527415,0.01300097268530421
2017-04-18 13:52:13.632695,0.013338831053258601
2017-04-18 13:52:13.738477,0.013250354534862362
2017-04-18 13:52:13.841250,0.012628687895136785
2017-04-18 13:52:13.944023,0.012283934265446677
2017-04-18 13:52:14.047800,0.011293151392918525
2017-04-18 13:52:14.151575,0.008486278903052497
2017-04-18 13:52:14.255853,0.011851718959807278
2017-04-18 13:52:14.360129,0.014633122449087977
2017-04-18 13:52:14.462903,0.017037171243725686
2017-04-18 13:52:14.566679,0.017449587341255637
2017-04-18 13:52:14.668951,0.017495902630861825
2017-04-18 13:52:14.771724,0.015474863658657623
2017-04-18 13:52:14.874497,0.014752610543611178
2017-04-18 13:52:14.977772,0.014052557701811836
2017-04-18 13:52:15.081047,0.015120645441961317
2017-04-18 13:52:15.184321,0.01457494230189087
2017-04-18 13:52:15.288097,0.011869483689489608
2017-04-18 13:52:15.396385,0.009845504410778784
2017-04-18 13:52:15.500662,0.005162046834592479
2017-04-18 13:52:15.603435,0.005025927999181972
2017-04-18 13:52:15.709718,0.0076895551637023805
2017-04-18 13:52:15.814998,0.009108932918666131
2017-04-18 13:52:15.918273,0.01605349977760316
2017-04-18 13:52:16.021046,0.01634351762653619
2017-04-18 13:52:16.123819,0.01666415580075793
2017-04-18 13:52:16.227094,0.014328947534906192
2017-04-18 13:52:16.330368,0.010661153122179723
2017-04-18 13:52:16.441163,0.011488852235546645
2017-04-18 13:52:16.544438,0.01316234161801605
2017-04-18 13:52:16.647713,0.013866037855249085
2017-04-18 13:52:16.750987,0.009878248958285152
2017-04-18 13:52:16.853760,0.0070950746618479756
2017-04-18 13:52:16.957035,0.002818676075535813
2017-04-18 13:52:17.059808,-7.640349094823056e-05
2017-04-18 13:52:17.162582,-0.002196732052435309
2017-04-18 13:52:17.266358,0.0022022501669094136
2017-04-18 13:52:17.369131,0.005704573483007252
2017-04-18 13:52:17.472405,0.009450086393833814
2017-04-18 13:52:17.576181,0.01477452121034833
2017-04-18 13:52:17.679957,0.019120175684726924
2017-04-18 13:52:17.788245,0.018785255699370333
2017-04-18 13:52:17.892021,0.017616064477358875
2017-04-18 13:52:17.995296,0.01708553153140131
2017-04-18 13:52:18.098570,0.00972914810673713
2017-04-18 13:52:18.201845,-0.01946595636271485
2017-04-18 13:52:18.305621,-0.005362734337579889
2017-04-18 13:52:18.409397,0.001987143043662118
2017-04-18 13:52:18.515680,0.0006917195454670333
2017-04-18 13:52:18.618954,-0.008728687236484763
2017-04-18 13:52:18.722229,-0.013355193044800585
2017-04-18 13:52:18.825002,-0.0007500661149588113
2017-04-18 13:52:18.929781,-0.01595092445786514
2017-04-18 13:52:19.032554,-0.0026154546496153707
2017-04-18 13:52:19.135828,-0.016129043567214257
2017-04-18 13:52:19.238601,-0.01243211803463021
2017-04-18 13:52:19.341876,-0.014635542554814748
2017-04-18 13:52:19.445653,-0.01285874650596893
2017-04-18 13:52:19.549929,-0.019555754570799982
2017-04-18 13:52:19.653706,-0.006676740281669343
2017-04-18 13:52:19.760489,-0.022542720252431696
2017-04-18 13:52:19.869780,-0.020450748034209106
2017-04-18 13:52:19.975562,-0.019278036252967607
2017-04-18 13:52:20.079839,-0.020586852570668467
2017-04-18 13:52:20.183113,-0.011785176562227337
2017-04-18 13:52:20.286388,-0.017923629403079424
2017-04-18 13:52:20.389663,-0.015278568822283166
2017-04-18 13:52:20.493438,-0.019035643582849898
2017-04-18 13:52:20.612254,-0.011580480960734628
2017-04-18 13:52:20.715529,-0.0027643324984851386
2017-04-18 13:52:20.818804,-0.01793817751744071
2017-04-18 13:52:20.923082,-0.017327403442366954
2017-04-18 13:52:21.026356,0.0007951961326660858
2017-04-18 13:52:21.128627,0.004936445271163424
2017-04-18 13:52:21.231902,-0.011237920562381864
2017-04-18 13:52:21.334675,-0.00914068793404102
2017-04-18 13:52:21.438451,-0.007838440260862809
2017-04-18 13:52:21.541727,0.0014295865542861726
2017-04-18 13:52:21.646504,0.00754371080497496
2017-04-18 13:52:21.748776,0.01394195321505461
2017-04-18 13:52:21.852050,0.0006515473207312477
2017-04-18 13:52:21.957331,-0.0071167914232662735
2017-04-18 13:52:22.060605,-0.00771886194372581
2017-04-18 13:52:22.163880,-0.005935215806836685
2017-04-18 13:52:22.269661,-0.006038950659507568
2017-04-18 13:52:22.373939,-0.00470233509660671
2017-04-18 13:52:22.477715,-0.004960617426557422
2017-04-18 13:52:22.580989,-0.006076783037538568
2017-04-18 13:52:22.690781,-0.004968246862171433
2017-04-18 13:52:22.793054,-0.007616422137139643
2017-04-18 13:52:22.896328,-0.0056895523898042935
2017-04-18 13:52:22.999603,-0.005294996106189066
2017-04-18 13:52:23.102375,-0.005964319837127658
2017-04-18 13:52:23.206653,-0.008166119376505812
2017-04-18 13:52:23.308925,-0.010351015649787755
2017-04-18 13:52:23.412701,-0.01002617088004993
2017-04-18 13:52:23.516978,-0.009360384064073541
2017-04-18 13:52:23.620253,-0.009481942130573755
2017-04-18 13:52:23.741075,-0.007514655664334749
2017-04-18 13:52:23.843847,-0.007249425750889257
2017-04-18 13:52:23.947122,-0.007348782511282918
2017-04-18 13:52:24.050396,-0.007127098797163324
2017-04-18 13:52:24.152668,-0.007853339891120949
2017-04-18 13:52:24.256444,-0.008125469233098178
2017-04-18 13:52:24.362728,-0.006650395499710519
2017-04-18 13:52:24.465500,-0.007610136844255552
2017-04-18 13:52:24.572285,-0.008125233643720729
2017-04-18 13:52:24.685586,-0.00624755127049914
2017-04-18 13:52:24.801895,-0.006690076051039329
2017-04-18 13:52:24.905672,-0.004182780880249179
2017-04-18 13:52:25.011954,-0.004867237215956509
2017-04-18 13:52:25.118236,-0.005286999326937176
2017-04-18 13:52:25.225522,-0.005744582101627239
2017-04-18 13:52:25.330801,-0.006274989623529476
2017-04-18 13:52:25.434577,-0.005711382193385449
2017-04-18 13:52:25.536849,-0.0053692322381915635
2017-04-18 13:52:25.642631,-0.006025005800483735
2017-04-18 13:52:25.746908,-0.0068306291978671215
2017-04-18 13:52:25.865222,-0.006951400016876125
2017-04-18 13:52:25.968998,-0.005980442167833713
2017-04-18 13:52:26.072774,-0.0059578067876562895
2017-04-18 13:52:26.176049,-0.006738833169029262
2017-04-18 13:52:26.278823,-0.005970811381290809
2017-04-18 13:52:26.382599,-0.004140898529324826
2017-04-18 13:52:26.486377,-0.0037989675061504634
2017-04-18 13:52:26.589147,-0.0043339034215861185
2017-04-18 13:52:26.692422,-0.004973626141128114
2017-04-18 13:52:26.796198,-0.004442521536842119
2017-04-18 13:52:26.912006,-0.0060711445017596
2017-04-18 13:52:27.014779,-0.005826111527251649
2017-04-18 13:52:27.118053,-0.005279692193188147
2017-04-18 13:52:27.221328,-0.005529382124868674
2017-04-18 13:52:27.324101,-0.004794740581110939
2017-04-18 13:52:27.427376,-0.003970011889379719
2017-04-18 13:52:27.530651,-0.003724170560651118
2017-04-18 13:52:27.633424,-0.004956037359913942
2017-04-18 13:52:27.739205,-0.0062018281564255855
2017-04-18 13:52:27.842981,-0.009930963941486569
2017-04-18 13:52:27.966811,-0.01597218155392322
2017-04-18 13:52:28.070587,-0.013297728624741137
2017-04-18 13:52:28.178374,-0.006995756412513579
2017-04-18 13:52:28.282650,-0.015831198550122202
2017-04-18 13:52:28.387933,-0.01393870139413836
2017-04-18 13:52:28.490703,-0.01163820019912911
2017-04-18 13:52:28.593979,-0.01103208462929626
2017-04-18 13:52:28.697253,-0.010799794346293932
2017-04-18 13:52:28.800527,-0.010025691939939163
2017-04-18 13:52:28.905307,-0.009061914675427052
2017-04-18 13:52:29.033647,-0.007893163246035187
2017-04-18 13:52:29.136922,-0.005080525373259398
2017-04-18 13:52:29.240197,-0.008890008661438962
2017-04-18 13:52:29.343472,-0.00561225520071079
2017-04-18 13:52:29.447247,-0.007740863819462901
2017-04-18 13:52:29.551023,-0.011205592810565676
2017-04-18 13:52:29.654298,-0.023938713780973175
2017-04-18 13:52:29.757572,-0.02544775193885971
2017-04-18 13:52:29.862351,-0.021933915565575522
2017-04-18 13:52:29.966127,-0.007718545090289904
2017-04-18 13:52:30.081433,-0.006110537140159867
2017-04-18 13:52:30.184708,-0.003586952713440836
2017-04-18 13:52:30.287983,-0.022510523185571975
2017-04-18 13:52:30.391758,0.008841036584372049
2017-04-18 13:52:30.496537,-0.00821717359425753
2017-04-18 13:52:30.598809,-0.007200718500440127
2017-04-18 13:52:30.701582,0.0007158287658248362
2017-04-18 13:52:30.806361,0.004271099100244735
2017-04-18 13:52:30.912142,0.0005434067055049524
2017-04-18 13:52:31.016419,-0.006669246602868502
2017-04-18 13:52:31.132730,0.0054686827526267395
2017-04-18 13:52:31.239011,0.001295312858187252
2017-04-18 13:52:31.342788,-0.012629636269163148
2017-04-18 13:52:31.445561,-0.005905394969433609
2017-04-18 13:52:31.548835,0.002502748514912875
2017-04-18 13:52:31.652110,-0.018406586824702552
2017-04-18 13:52:31.754883,-0.02180795169973133
2017-04-18 13:52:31.858157,-0.010463809070176886
2017-04-18 13:52:31.961432,0.0020729594154946423
2017-04-18 13:52:32.065208,-0.019666042485638573
2017-04-18 13:52:32.175502,-0.006144470152747501
2017-04-18 13:52:32.278776,-0.006749408925394686
2017-04-18 13:52:32.382552,-0.022975284101871038
2017-04-18 13:52:32.486328,-0.006918588078253293
2017-04-18 13:52:32.589603,0.00735566514717368
2017-04-18 13:52:32.692376,-0.00239751648297626
2017-04-18 13:52:32.795650,-0.007280691535644918
2017-04-18 13:52:32.898423,-0.01512531580249643
2017-04-18 13:52:33.001699,-0.012200007549924978
2017-04-18 13:52:33.106477,-0.018316377440795898
2017-04-18 13:52:33.221282,-0.0255634304289601
2017-04-18 13:52:33.324557,-0.01302828395432805
2017-04-18 13:52:33.431842,-0.012159540649883983
2017-04-18 13:52:33.538125,-0.013446539255176103
2017-04-18 13:52:33.640396,-0.01287107450913902
2017-04-18 13:52:33.743170,-0.007782875472825924
2017-04-18 13:52:33.848951,-0.0019169928364338512
2017-04-18 13:52:33.952727,-0.016684213033060443
2017-04-18 13:52:34.054999,-0.022463639632968057
2017-04-18 13:52:34.159278,0.004092780401477012
2017-04-18 13:52:34.268567,0.00304730263212272
2017-04-18 13:52:34.371842,0.0050044329232231035
2017-04-18 13:52:34.475117,-0.007665402388947754
2017-04-18 13:52:34.578391,-0.011065799179387721
2017-04-18 13:52:34.681666,-0.0024759680672687694
2017-04-18 13:52:34.785943,0.012623009279866914
2017-04-18 13:52:34.889217,0.019749949881069363
2017-04-18 13:52:34.992492,0.022333319295642223
2017-04-18 13:52:35.095767,0.018205093534221294
2017-04-18 13:52:35.199543,0.011696405853661263
2017-04-18 13:52:35.302818,0.009277478425889846
2017-04-18 13:52:35.406092,0.008927862848146648
2017-04-18 13:52:35.509868,0.005664829014752236
2017-04-18 13:52:35.616151,0.005226000103580682
2017-04-18 13:52:35.722433,0.007017222524643086
2017-04-18 13:52:35.825207,0.006930975770873249
2017-04-18 13:52:35.930486,0.013219356274497981
2017-04-18 13:52:36.033761,0.01270460922421276
2017-04-18 13:52:36.136534,0.007352231399637839
2017-04-18 13:52:36.240310,-0.004151329612162909
2017-04-18 13:52:36.347595,-0.014021212111898199
2017-04-18 13:52:36.450369,-0.023724192089066412
2017-04-18 13:52:36.553643,-0.025231221304625656
2017-04-18 13:52:36.657419,-0.02619626722846065
2017-04-18 13:52:36.760192,-0.02474892092519286
2017-04-18 13:52:36.862965,-0.021923188571683818
2017-04-18 13:52:36.968247,-0.021250839275707763
2017-04-18 13:52:37.071521,-0.022311032605237993
2017-04-18 13:52:37.175297,-0.024218715887362914
2017-04-18 13:52:37.278572,-0.028561180662213335
2017-04-18 13:52:37.396886,-0.027391038270620383
2017-04-18 13:52:37.500662,-0.013997846502315017
2017-04-18 13:52:37.602933,-0.0027806993094387058
2017-04-18 13:52:37.705706,0.007602713155299028
2017-04-18 13:52:37.808480,0.01310918537475363
2017-04-18 13:52:37.913760,0.01791574388071575
2017-04-18 13:52:38.020042,0.021832419167560003
2017-04-18 13:52:38.122314,0.021028882229014362
2017-04-18 13:52:38.225087,0.02280422902862572
2017-04-18 13:52:38.327861,0.023938651872849694
2017-04-18 13:52:38.441664,0.023085054864447625
2017-04-18 13:52:38.545440,0.021201663424178993
2017-04-18 13:52:38.648213,0.017639944823506788
2017-04-18 13:52:38.750987,0.016085265508020693
2017-04-18 13:52:38.854260,0.015167127968791331
2017-04-18 13:52:38.957535,0.015477305061129865
2017-04-18 13:52:39.060309,0.016859193751143784
2017-04-18 13:52:39.163082,0.014247428733508254
2017-04-18 13:52:39.265855,0.007246281319580431
2017-04-18 13:52:39.369631,-0.002542215282966024
2017-04-18 13:52:39.473407,-0.010645227335897466
2017-04-18 13:52:39.576682,-0.017374682353530742
2017-04-18 13:52:39.680458,-0.0221935745373566
2017-04-18 13:52:39.784735,-0.023205784496297458
2017-04-18 13:52:39.887508,-0.02518285327619502
2017-04-18 13:52:39.991786,-0.02685320571772958
2017-04-18 13:52:40.094559,-0.02614708587214624
2017-04-18 13:52:40.197833,-0.027042190906166545
2017-04-18 13:52:40.301108,-0.026664079734713936
2017-04-18 13:52:40.404884,-0.028813710165728375
2017-04-18 13:52:40.517684,-0.027009271011271877
2017-04-18 13:52:40.620457,-0.02395928202491684
2017-04-18 13:52:40.723732,-0.017244548743976244
2017-04-18 13:52:40.827007,-0.011549053225625055
2017-04-18 13:52:40.932286,-0.006679499127450137
2017-04-18 13:52:41.034559,0.001988304599027487
2017-04-18 13:52:41.137833,0.004917095859929356
2017-04-18 13:52:41.240606,0.008294650936512977
2017-04-18 13:52:41.343379,0.015969996227554635
2017-04-18 13:52:41.446655,0.0196589343509322
2017-04-18 13:52:41.552937,0.019566717683440385
2017-04-18 13:52:41.657215,0.01679477691230171
2017-04-18 13:52:41.760990,0.01633132093721629
2017-04-18 13:52:41.864766,0.014110079467471079
2017-04-18 13:52:41.968542,0.008729174055905339
2017-04-18 13:52:42.072318,0.0013584062903169323
2017-04-18 13:52:42.179102,-0.007152628242860892
2017-04-18 13:52:42.286387,-0.014304862379308845
2017-04-18 13:52:42.389661,-0.016958659891750126
2017-04-18 13:52:42.493437,-0.02031334834290585
2017-04-18 13:52:42.597715,-0.02240506182257864
2017-04-18 13:52:42.700989,-0.022382152121948308
2017-04-18 13:52:42.806771,-0.02099767199590364
2017-04-18 13:52:42.910045,-0.022121129804714628
2017-04-18 13:52:43.012818,-0.023138964788766713
2017-04-18 13:52:43.116093,-0.021964268131636513
2017-04-18 13:52:43.219869,-0.020887603918274662
2017-04-18 13:52:43.323646,-0.019344200716622684
2017-04-18 13:52:43.427421,-0.014124355162651618
2017-04-18 13:52:43.530696,-0.005709523710634991
2017-04-18 13:52:43.642493,0.0006115696632683276
2017-04-18 13:52:43.745266,0.00679390880898436
2017-04-18 13:52:43.848541,0.009158495982208126
2017-04-18 13:52:43.951815,0.013587974601928166
2017-04-18 13:52:44.057597,0.0154317082620119
2017-04-18 13:52:44.160872,0.01590025732295003
2017-04-18 13:52:44.264146,0.019090794617103182
2017-04-18 13:52:44.370429,0.017668065023663634
2017-04-18 13:52:44.477213,0.017066522297810662
2017-04-18 13:52:44.583996,0.01865010004066012
2017-04-18 13:52:44.697298,0.01848354483264935
2017-04-18 13:52:44.803581,0.014719467869835186
2017-04-18 13:52:44.907357,0.007305371043897079
2017-04-18 13:52:45.010129,-0.0009758148396930982
2017-04-18 13:52:45.113404,-0.006638596666342092
2017-04-18 13:52:45.216679,-0.013320378408663082
2017-04-18 13:52:45.319953,-0.01805037832121329
2017-04-18 13:52:45.423230,-0.02282263416823711
2017-04-18 13:52:45.526503,-0.026160144602091304
2017-04-18 13:52:45.630278,-0.026138167936316296
2017-04-18 13:52:45.739068,-0.025443288341011932
2017-04-18 13:52:45.841841,-0.024079966400241057
2017-04-18 13:52:45.945116,-0.02604411880603992
2017-04-18 13:52:46.048390,-0.025846856610411473
2017-04-18 13:52:46.151163,-0.0251863276102462
2017-04-18 13:52:46.253936,-0.02656160549912198
2017-04-18 13:52:46.356710,-0.024786784904296203
2017-04-18 13:52:46.459985,-0.020128052855147124
2017-04-18 13:52:46.562257,-0.015544950588291133
2017-04-18 13:52:46.665531,-0.007240350227762199
2017-04-18 13:52:46.771313,-0.0024167668755420042
2017-04-18 13:52:46.874587,0.001770238402119667
2017-04-18 13:52:46.977862,0.0052700655129014826
2017-04-18 13:52:47.081137,0.0074197949893313785
2017-04-18 13:52:47.184913,0.009052798008059748
2017-04-18 13:52:47.287686,0.009289735641578251
2017-04-18 13:52:47.389961,0.011663560821165205
2017-04-18 13:52:47.494741,0.010312539696459861
2017-04-18 13:52:47.598516,0.01063571521342236
2017-04-18 13:52:47.701289,0.008942030486992311
2017-04-18 13:52:47.818100,0.0076581372772439454
2017-04-18 13:52:47.921374,0.002291089692471611
2017-04-18 13:52:48.024649,-0.0036147887864880716
2017-04-18 13:52:48.127923,-0.009250923881852304
2017-04-18 13:52:48.231199,-0.015413975796572168
2017-04-18 13:52:48.333972,-0.019590932230554865
2017-04-18 13:52:48.437748,-0.02218031433143411
2017-04-18 13:52:48.540521,-0.023027851707976252
2017-04-18 13:52:48.643796,-0.02544531196477369
2017-04-18 13:52:48.747572,-0.025824676091887204
2017-04-18 13:52:48.864382,-0.025272010561993616
2017-04-18 13:52:48.967657,-0.027489932761715307
2017-04-18 13:52:49.072436,-0.026577307708602383
2017-04-18 13:52:49.179220,-0.02568314095469162
2017-04-18 13:52:49.285001,-0.02532211642416491
2017-04-18 13:52:49.388275,-0.018817690538114263
2017-04-18 13:52:49.491550,-0.012004847123080593
2017-04-18 13:52:49.594324,-0.004753656453508945
2017-04-18 13:52:49.697097,0.0008462959435507266
2017-04-18 13:52:49.800371,0.0039705760253988445
2017-04-18 13:52:49.909160,0.006498845591563446
2017-04-18 13:52:50.011934,0.011243241378499441
2017-04-18 13:52:50.115208,0.0115052324324932
2017-04-18 13:52:50.217480,0.012202758003050028
2017-04-18 13:52:50.320253,0.0133523885089862
2017-04-18 13:52:50.423528,0.014536557752015726
2017-04-18 13:52:50.529310,0.014564357978827111
2017-04-18 13:52:50.633085,0.015081157921865262
2017-04-18 13:52:50.735859,0.013615045446541641
2017-04-18 13:52:50.839134,0.01450738771093079
2017-04-18 13:52:50.944414,0.012389498231629027
2017-04-18 13:52:51.047187,0.0022757709758974677
2017-04-18 13:52:51.150461,-0.004710710280366313
2017-04-18 13:52:51.255240,-0.011744586840291699
2017-04-18 13:52:51.358013,-0.017452247348736707
2017-04-18 13:52:51.460786,-0.021998874836193564
2017-04-18 13:52:51.564061,-0.025568627349708037
2017-04-18 13:52:51.666834,-0.028613699900197822
2017-04-18 13:52:51.769607,-0.028388418332589493
2017-04-18 13:52:51.872882,-0.026985224515336515
2017-04-18 13:52:51.976157,-0.027796123956899906
2017-04-18 13:52:52.079933,-0.03025995480239125
2017-04-18 13:52:52.183211,-0.028186597046728167
2017-04-18 13:52:52.285980,-0.028306886076024277
2017-04-18 13:52:52.388754,-0.028089603305342402
2017-04-18 13:52:52.491527,-0.028617932403250772
2017-04-18 13:52:52.594802,-0.021408144224185726
2017-04-18 13:52:52.697575,-0.016023553247523196
2017-04-18 13:52:52.800849,-0.008080165348121407
2017-04-18 13:52:52.904124,-0.004289760043597847
2017-04-18 13:52:53.007900,-0.0004777601234464985
2017-04-18 13:52:53.113180,0.0031010994650239165
2017-04-18 13:52:53.215954,0.008605289246213276
2017-04-18 13:52:53.319228,0.008569467856946799
2017-04-18 13:52:53.422001,0.009187925732504983
2017-04-18 13:52:53.525777,0.011284341784335551
2017-04-18 13:52:53.628550,0.010726477847211738
2017-04-18 13:52:53.732327,0.009899929101610697
2017-04-18 13:52:53.835601,0.008011507476164508
2017-04-18 13:52:53.939377,0.0022171196768766715
2017-04-18 13:52:54.051174,-0.005944540962185615
2017-04-18 13:52:54.154449,-0.013258873717189071
2017-04-18 13:52:54.257724,-0.01713212439249792
2017-04-18 13:52:54.360497,-0.022185124595040732
2017-04-18 13:52:54.463270,-0.024177954139979096
2017-04-18 13:52:54.566544,-0.029326501519228814
2017-04-18 13:52:54.669318,-0.02878794686643671
2017-04-18 13:52:54.772592,-0.029275382291060206
2017-04-18 13:52:54.875366,-0.029160374786952967
2017-04-18 13:52:54.981148,-0.03095523195429697
2017-04-18 13:52:55.085926,-0.02925992528365888
2017-04-18 13:52:55.191707,-0.02839730734859014
2017-04-18 13:52:55.294480,-0.026415295802682034
2017-04-18 13:52:55.397755,-0.024745276634197445
2017-04-18 13:52:55.500528,-0.017759271254671333
2017-04-18 13:52:55.603301,-0.01237678759470692
2017-04-18 13:52:55.706576,-0.005780770924603147
2017-04-18 13:52:55.809349,-0.0024233003838169866
2017-04-18 13:52:55.912123,0.0012984740624399126
2017-04-18 13:52:56.015397,0.0036249808014805415
2017-04-18 13:52:56.118672,0.006178013195765634
2017-04-18 13:52:56.221946,0.007737365632501614
2017-04-18 13:52:56.324218,0.00807511533467458
2017-04-18 13:52:56.427493,0.008035523034136047
2017-04-18 13:52:56.531269,0.006840911370578051
2017-04-18 13:52:56.635548,0.004256207928813462
2017-04-18 13:52:56.738821,0.004709146463392042
2017-04-18 13:52:56.842095,0.006590370990781046
2017-04-18 13:52:56.951386,0.0032753480897215075
2017-04-18 13:52:57.056666,-0.001122548491752634
2017-04-18 13:52:57.175983,7.38867107054602e-06
2017-04-18 13:52:57.278756,-0.00893818724068297
2017-04-18 13:52:57.381028,-0.006204834452074513
2017-04-18 13:52:57.484303,-0.006924731799236274
2017-04-18 13:52:57.587076,-0.007580245459800897
2017-04-18 13:52:57.690351,-0.007655893630730906
2017-04-18 13:52:57.793625,-0.01469737232694541
2017-04-18 13:52:57.896399,-0.0013959845478569207
2017-04-18 13:52:58.002682,-0.013939901013058007
2017-04-18 13:52:58.105455,-0.012750898121478001
2017-04-18 13:52:58.210233,-0.008051665717072972
2017-04-18 13:52:58.313508,0.00415211889517699
2017-04-18 13:52:58.416281,0.008812978187431217
2017-04-18 13:52:58.519556,0.013671925759208427
2017-04-18 13:52:58.622830,0.006555538360324383
2017-04-18 13:52:58.725603,0.010713961925711528
2017-04-18 13:52:58.828377,0.013140846152672296
2017-04-18 13:52:58.956719,0.009451025920497295
2017-04-18 13:52:59.060494,0.010231610040231912
2017-04-18 13:52:59.163769,0.006758242950552995
2017-04-18 13:52:59.270052,0.006908037858214517
2017-04-18 13:52:59.373326,-0.007103137488092015
2017-04-18 13:52:59.478106,-0.00894712501809964
2017-04-18 13:52:59.582884,-0.017555023302235535
2017-04-18 13:52:59.686660,-0.009338383816089783
2017-04-18 13:52:59.796452,-0.020573927886778448
2017-04-18 13:52:59.899725,-0.011943293281334963
2017-04-18 13:53:00.007011,-0.004310349877478477
2017-04-18 13:53:00.110787,-0.023871877345746924
2017-04-18 13:53:00.215065,0.0005370655270176159
2017-04-18 13:53:00.333880,-0.0073851763941521625
2017-04-18 13:53:00.436152,-0.006745751346148623
2017-04-18 13:53:00.539928,-0.012037114445414537
2017-04-18 13:53:00.643203,-0.015629995618559326
2017-04-18 13:53:00.671277,-0.010186499661153831
2017-04-18 13:53:00.776557,-0.008059311534330631
2017-04-18 13:53:00.881837,-0.0034870313174842583
2017-04-18 13:53:00.908909,-0.001432181777067553
2017-04-18 13:53:00.950018,-0.0010513134242958085
2017-04-18 13:53:00.982605,-0.0007128859269946359
2017-04-18 13:53:01.085379,0.0011313324657501829
2017-04-18 13:53:01.195171,0.0008760769723810003
2017-04-18 13:53:01.298445,0.0002433916876489529
2017-04-18 13:53:01.401720,0.0019338169466396361
2017-04-18 13:53:01.508003,0.007600413151398321
2017-04-18 13:53:01.611277,0.008489985819603318
2017-04-18 13:53:01.714552,0.00201698921364688
2017-04-18 13:53:01.819330,-0.008231788720519247
2017-04-18 13:53:01.923107,0.0005997774307807129
2017-04-18 13:53:02.026380,-0.009935029293055148
2017-04-18 13:53:02.132162,-0.012799007869220412
2017-04-18 13:53:02.235437,0.0009285143769169183
2017-04-18 13:53:02.338712,-0.02080856585110631
2017-04-18 13:53:02.443991,-0.009024044917795937
2017-04-18 13:53:02.548269,-0.01490471336547433
2017-04-18 13:53:02.651041,-0.0075123551932483445
2017-04-18 13:53:02.757825,-0.010831353418039332
2017-04-18 13:53:02.861100,-0.012370973377607144
2017-04-18 13:53:02.964374,-0.014649509810919226
2017-04-18 13:53:03.070156,-0.001834789538594474
2017-04-18 13:53:03.176940,-0.006082236289728855
2017-04-18 13:53:03.280215,-0.003221400244799969
2017-04-18 13:53:03.382486,-0.021727395739206238
2017-04-18 13:53:03.485762,-0.005923492962855438
2017-04-18 13:53:03.589036,-0.02479503282223031
2017-04-18 13:53:03.694818,-0.01857973559777471
2017-04-18 13:53:03.798092,-0.02133963513230117
2017-04-18 13:53:03.900865,-0.028254011801558072
2017-04-18 13:53:04.007148,-0.03665946840868121
2017-04-18 13:53:04.111926,-0.016192261733362624
2017-04-18 13:53:04.225730,-0.025651442389166095
2017-04-18 13:53:04.329509,-0.004033213153851723
2017-04-18 13:53:04.432282,-0.01433793861323619
2017-04-18 13:53:04.535557,0.005020184615600026
2017-04-18 13:53:04.638330,-0.00011316138584306417
2017-04-18 13:53:04.741104,-0.018914657658222502
2017-04-18 13:53:04.843876,-0.006459591591607368
2017-04-18 13:53:04.947152,0.0007775591418344276
2017-04-18 13:53:05.050426,-0.02962201699619876
2017-04-18 13:53:05.077999,-0.03342714275409429
2017-04-18 13:53:05.180773,-0.028838383183303052
2017-04-18 13:53:05.207845,-0.02890544614668457
2017-04-18 13:53:05.311119,-0.028823242269793124
2017-04-18 13:53:05.339194,-0.03244808773640834
2017-04-18 13:53:05.370278,-0.03173922443452333
2017-04-18 13:53:05.398351,-0.03222417853370042
2017-04-18 13:53:05.502629,-0.02918614310003358
